{
  "rouge": {
    "rouge1": {
      "mean": 0.2359398627242967,
      "std": 0.0981547542973486
    },
    "rouge2": {
      "mean": 0.06663719358133298,
      "std": 0.06756416934098679
    },
    "rougeL": {
      "mean": 0.1712397799987735,
      "std": 0.07690159042286618
    }
  },
  "bleu": {
    "mean": 0.027700359837118358,
    "std": 0.03619011533573558
  },
  "bertscore": {
    "precision": {
      "mean": 0.8488754630088806,
      "std": 0.024010885506868362
    },
    "recall": {
      "mean": 0.8807678818702698,
      "std": 0.032021328806877136
    },
    "f1": {
      "mean": 0.8644092082977295,
      "std": 0.026241427287459373
    }
  }
}