{
  "rouge": {
    "rouge1": {
      "mean": 0.32454007279224256,
      "std": 0.1308138827083462
    },
    "rouge2": {
      "mean": 0.10479166870194526,
      "std": 0.10688472734848477
    },
    "rougeL": {
      "mean": 0.25160292675181317,
      "std": 0.12169607376933865
    }
  },
  "bleu": {
    "mean": 0.05364366500562856,
    "std": 0.07130165048662854
  },
  "bertscore": {
    "precision": {
      "mean": 0.8985652923583984,
      "std": 0.030269348993897438
    },
    "recall": {
      "mean": 0.8853171467781067,
      "std": 0.029433393850922585
    },
    "f1": {
      "mean": 0.891766369342804,
      "std": 0.027949444949626923
    }
  }
}