{
  "rouge": {
    "rouge1": {
      "mean": 0.22299458036718536,
      "std": 0.10468708586646333
    },
    "rouge2": {
      "mean": 0.048747235073406364,
      "std": 0.0679358297620892
    },
    "rougeL": {
      "mean": 0.17976110706869694,
      "std": 0.08985947237738973
    }
  },
  "bleu": {
    "mean": 0.026671449118735983,
    "std": 0.03868955695600838
  },
  "bertscore": {
    "precision": {
      "mean": 0.8503938913345337,
      "std": 0.024356838315725327
    },
    "recall": {
      "mean": 0.8528735637664795,
      "std": 0.024062709882855415
    },
    "f1": {
      "mean": 0.8515161275863647,
      "std": 0.022142203524708748
    }
  }
}