{
  "rouge": {
    "rouge1": {
      "mean": 0.4514198859769619,
      "std": 0.16372527366127204
    },
    "rouge2": {
      "mean": 0.21998035168599134,
      "std": 0.16940919748049632
    },
    "rougeL": {
      "mean": 0.3691599579408254,
      "std": 0.17102631357897813
    }
  },
  "bleu": {
    "mean": 0.13646179159441915,
    "std": 0.145230511687707
  },
  "bertscore": {
    "precision": {
      "mean": 0.9206159114837646,
      "std": 0.030695509165525436
    },
    "recall": {
      "mean": 0.9114130139350891,
      "std": 0.030793773010373116
    },
    "f1": {
      "mean": 0.9158835411071777,
      "std": 0.029128028079867363
    }
  }
}