{
  "rouge": {
    "rouge1": {
      "mean": 0.2043370809090987,
      "std": 0.08877235220426107
    },
    "rouge2": {
      "mean": 0.04243134572693644,
      "std": 0.05622358940216773
    },
    "rougeL": {
      "mean": 0.16094689667782663,
      "std": 0.07325156390045821
    }
  },
  "bleu": {
    "mean": 0.021031173906755126,
    "std": 0.028918726240458888
  },
  "bertscore": {
    "precision": {
      "mean": 0.8143784999847412,
      "std": 0.02423751913011074
    },
    "recall": {
      "mean": 0.8534258604049683,
      "std": 0.02394520677626133
    },
    "f1": {
      "mean": 0.8332245945930481,
      "std": 0.019960105419158936
    }
  },
  "compression_ratio": {
    "mean": 0.148242555547837,
    "std": 0.17261484877372935
  },
  "extractiveness": {
    "mean": 0.34509066253505505,
    "std": 0.20512402652104098
  }
}