{
  "rouge": {
    "rouge1": {
      "mean": 0.2121222663110533,
      "std": 0.09791640787596397
    },
    "rouge2": {
      "mean": 0.04592786061144955,
      "std": 0.06307546535215403
    },
    "rougeL": {
      "mean": 0.17004901562428318,
      "std": 0.08357714107297576
    }
  },
  "bleu": {
    "mean": 0.02469629157094643,
    "std": 0.03535927560714717
  },
  "bertscore": {
    "precision": {
      "mean": 0.821103036403656,
      "std": 0.021749237552285194
    },
    "recall": {
      "mean": 0.8548790812492371,
      "std": 0.023263493552803993
    },
    "f1": {
      "mean": 0.8374958038330078,
      "std": 0.019369566813111305
    }
  }
}